{
  "2": "how many classes do u have to fail to get held back",
  "3": "where is the best farming soil in the us and where did all the dirt come from",
  "4": "the pair of hand drums used in indian classical music is called",
  "5": "where does the term petty officer come from",
  "6": "what is the name of god the father",
  "7": "game of thrones season 1 white hair girl",
  "8": "what does the name erica mean in hebrew",
  "9": "what do the colors of the olympic rings mean",
  "10": "where is israel located on the world map",
  "11": "who played smiley in tinker tailor soldier spy",
  "12": "which of these was not an export of ancient greece",
  "13": "is the micrometer screw gauge used for measurement of inner diameter of tube",
  "14": "who opened and closed the 1960 winter olympics",
  "15": "when does brennan get pregnant the first time",
  "16": "a bandage is a sterile covering for a wound",
  "17": "when did season 2 of handmaid's tale start",
  "18": "who is the subject of the documentary film that start made",
  "19": "i see the river tiber foaming with much blood",
  "20": "who is performing at the belk bowl 2017",
  "21": "what causes a dead zone in the ocean",
  "22": "who left so you think you can dance",
  "23": "who is the present governor of puerto rico",
  "24": "what affect does acetylcholine have on the sarcolemma",
  "25": "who plays claire underwood's mom on house of cards",
  "26": "who won the all ireland football final 2017",
  "27": "who played robbie douglas wife on my three sons",
  "28": "which of the following is not the unit of a stress",
  "29": "who hit the most 3 pointers in a nba game",
  "30": "what type of fish live in the pacific ocean",
  "31": "who dies in season 2 grey's anatomy",
  "32": "the most common system of land title in australia",
  "33": "who sings with jackson brown on the load out",
  "34": "which of the following does not pass through the kaziranga national park",
  "35": "who has scored most runs in t20 international innings",
  "36": "how many miles is it from dothan al to montgomery al",
  "37": "what problems threatened the hapsburg empire in the 1840",
  "38": "where do cars go from we buy any car",
  "39": "what happens to dr shepherd on grey's",
  "40": "what is the t rex name in land before time",
  "41": "who recorded the song i love rock and roll",
  "42": "when does book 2 of the 100 come out",
  "43": "when did the nissan armada body style change",
  "44": "who plays allens mom on this is us",
  "45": "where does the name down syndrome come from",
  "46": "what does the red stripe on the marine uniform mean",
  "47": "the number on kiss me thru the phone",
  "48": "when does the regular football season start for nfl",
  "49": "who does oregon state play in the college world series",
  "50": "who played in the last 3 nba finals",
  "51": "uk national debt as percentage of gdp by year",
  "52": "how many solar eclipses are there in usa",
  "53": "in order to be a new state a territory had to have a population of at least",
  "54": "what caused mesopotamia to move to the river valley",
  "55": "who sold more albums elvis or micheal jackson",
  "56": "who plays officer garcia in santa clarita diet",
  "57": "when was the great pyramid of giza created",
  "58": "who plays ridge forrester on the bold and the beautiful",
  "59": "who sang theres a rat in my kitchen",
  "60": "write a note on php explain how php works in detail",
  "61": "the contribution of agriculture in india's gross domestic product is",
  "62": "who's doing the halftime show in 2018",
  "63": "reasons why south africa should include renewable energy in its energy mix",
  "64": "who was the former army chief of staff who was elected president of syria",
  "65": "what are the functions of the lok sabha",
  "66": "when was the first freeway built in los angeles",
  "67": "where is a good year filmed with russell crowe",
  "68": "write a note on kingship and religion in egypt",
  "69": "who is running for govenor of south carolina",
  "70": "landmark supreme court cases dealing with the first amendment",
  "71": "when was the wizard of oz made in technicolor",
  "72": "when did penny and leonard first get together",
  "73": "number of red card in world cup 2018",
  "74": "where did the name of the black panther party come from",
  "75": "where does the solar eclipse start and end",
  "76": "who sings nobody loves you like i do",
  "77": "where is the movie call me by your name filmed",
  "78": "where did the laguna cast go to college",
  "79": "when was the last time ferrari won at monza",
  "80": "lab rats elite force why did it end",
  "81": "where does the last name vigil come from",
  "82": "who has laid in state at the capitol",
  "83": "who was president of the united states in 1938",
  "84": "what is the meaning of the name melanesia",
  "85": "who played warren in orange is the new black",
  "86": "who played tre in boyz in the hood",
  "87": "limit of one to the power of infinity",
  "88": "who proposed the coordinate system to describe the position of a point in a plane accurately",
  "89": "who plays marka nichols on orange is the new black",
  "90": "where does progesterone come from in the body",
  "91": "when was the last wolf killed in scotland",
  "92": "when was last time england were in a world cup semi final",
  "93": "what is the value of null in c",
  "94": "where did the bataan death march take place",
  "95": "who made up the first second and third estates",
  "96": "vince carter career high points in a game",
  "97": "where do they put the chip in dogs",
  "98": "what is the meaning of spectacle in drama",
  "99": "what do you call the top of a column"
}