{
  "2": "what is the meaning of procol harum's whiter shade of pale",
  "3": "the representative of the british crown in nz",
  "4": "who are involved in the syrian civil war",
  "5": "what event made france feel justified in invading indochina",
  "6": "bruno's house in the boy in the striped pyjamas",
  "7": "how long will it take voyager to pass through the oort cloud",
  "8": "when did rangers last win the scottish cup",
  "9": "when does the sun set in london in december",
  "10": "where do all the assassins creed take place",
  "11": "an idiopathic condition associated with asprin treatment during certain viral infections",
  "12": "who played anthony on dr quinn medicine woman",
  "13": "who controls the past controls the future rage against the machine",
  "14": "what is the difference between devil's food and chocolate",
  "15": "what's love got to do with it free movie download",
  "16": "who won the us women's open golf",
  "17": "who is mariah carey talking about in we belong together",
  "18": "what was the 2nd amendment added to the constitution",
  "19": "who makes the most money on married to medicine",
  "20": "when did the song old red come out",
  "21": "where is the original statue of david in italy",
  "22": "where do we come from and where are we going",
  "23": "when did the teton dam break in idaho",
  "24": "where does the saying jump the gun come from",
  "25": "when is the death cure coming out in ireland",
  "26": "who plays vinny in orange is the new black",
  "27": "five important rivers of india and the states through which they flow",
  "28": "who receives the tax deducted from a person pay",
  "29": "what was the japanese motivation for bombing pearl harbor",
  "30": "where did the crane fall on the house",
  "31": "cast of characters in fiddler on the roof",
  "32": "who went home on masterchef last night 2017",
  "33": "the accumulation of non-degradable chemicals progressively at each trophic level is called",
  "34": "supreme court judges served in international court of justic",
  "35": "when was the movie stand by me made",
  "36": "who won the northern ireland open snooker championship",
  "37": "how many parts does pirates of caribbean have",
  "38": "is the eiffel tower made of steel or iron",
  "39": "who said that he has lost some of his friends as a result of being president",
  "40": "boy in the striped pajamas bruno last name",
  "41": "who changed the title of his work after the inquisition deemed it offensive",
  "42": "where does the tradition of stockings come from",
  "43": "where is fort myers florida located in florida",
  "44": "what is the name of the youth loved by salmacis",
  "45": "when is the next magisterium book coming out",
  "46": "who is performing at the 2018 olympics opening ceremony",
  "47": "what is a deadlock lock on a door",
  "48": "what film has the song don't you forget about me",
  "49": "the standard deviation of all possible values is called the",
  "50": "what is the lowest temperature ever recorded in vermont",
  "51": "when did sara fall in love with chuck",
  "52": "american competitiveness and workforce improvement act of 1998 (acwia) fee",
  "53": "when was the last time mount saint helens exploded",
  "54": "how many 7 elevens are in the world",
  "55": "does thomas the tank engine have a driver",
  "56": "when do booth and brennan become a couple",
  "57": "who sang nice one cyril nice one son",
  "58": "who sang red red wine in the 80's",
  "59": "how long can you record on a cassette tape",
  "60": "the term muckraker has been used to describe authors whose writing deal mainly with",
  "61": "who wrote the christmas carol do you hear what i hear",
  "62": "how many teams in world cup semi finals",
  "63": "who dies in the season 8 finale of grey's anatomy",
  "64": "who plays olivia benson on law and order",
  "65": "who's singing at the ball drop tonight",
  "66": "how many copies did fifty shades of grey sell",
  "67": "where is the state government of india located",
  "68": "when was the city of green bay founded",
  "69": "where do the ilium the ischium and the pubis meet",
  "70": "who is the founder of pak n save",
  "71": "how many species of plants are found in india",
  "72": "why did pike's expeditions have less impact than lewis and clark's",
  "73": "which non-british company owns both the famous british rolls- royce and mini brands",
  "74": "how many times have the dodgers gone to world series",
  "75": "who wins the money in the westing game",
  "76": "order of the lion the witch and the wardrobe books",
  "77": "at what level is the clavicle with reference to the ribs",
  "78": "how the different registers of language have been introduced",
  "79": "what is the little brown jug made out of",
  "80": "when was the writ of habeas corpus created",
  "81": "when do they find out its katherine in elena's body",
  "82": "where are they playing the john deere classic golf tournament",
  "83": "what types of elements are involved in covalent bonding",
  "84": "which of the following was a characteristic of cistercian architecture and design",
  "85": "where does the term swan song come from",
  "86": "how many pages does all the harry potter books have",
  "87": "when was the last time an incumbent president lost",
  "88": "which addressing mode is not possible in standard sic machine",
  "89": "name the highest bridge in the world built by indian army",
  "90": "will xbox 360 disc work on xbox one",
  "91": "who wrote an article on war finance titled how to pay for the war",
  "92": "is syria a part of the united nations",
  "93": "where does the last name cardona come from",
  "94": "where did the cavs play before the gund arena",
  "95": "who played grace's mom on the fosters",
  "96": "what comes after an 8 ball of coke",
  "97": "who's running for governor in las vegas",
  "98": "the 3rd amendment prohibition on forced boarding of soldiers",
  "99": "who won the arms race in the cold war"
}