{
  "2": "how many wahlburgers restaurants are there in the united states",
  "3": "who has the fastest fastball in the mlb",
  "4": "where did the cinco de mayo celebration originate",
  "5": "what is the national food of sri lanka",
  "6": "when does erin lindsay come back to intelligence",
  "7": "where is the san joaquin valley located on a map",
  "8": "what are the muscles in the neck called",
  "9": "what is the proper term used for the signature given by celebrities to their fans",
  "10": "how many citizenships can you have in ireland",
  "11": "who owns willy wonka and the chocolate factory",
  "12": "who directed sign of the times music video",
  "13": "who played the demon in insidious the last key",
  "14": "where does phil mickelson stand at the masters",
  "15": "who plays cinderella in once upon a time 2017",
  "16": "who is the 1st woman nominated member of rajya sabha",
  "17": "who plays jon snow in game of thrones",
  "18": "which term is defined as the chance that a given event will occur",
  "19": "they have written a long letter in spanish",
  "20": "cast of the 1940 version of pride and prejudice",
  "21": "when do they find out about emily 90210",
  "22": "who has won the most concacaf gold cups",
  "23": "violet's mother in charlie and the chocolate factory"
}